Agent technique d'unité patrimoine,C1501
Assistant technique Patrimoine,C1501
Gestionnaire technique immobilier,C1501
Assistant de production,C1502
Gestionnaire du fichier immobilier,C1502
Gestionnaire locatif,C1502
Pilote d'opération,C1503
Développeur d'opérations immobilières,C1503
Télé conseiller (H/F),D1408
Communicant,E1103
Communicant expérimenté,E1103
Manager de communication,E1103
Architecte,F1101
Architecte technique,F1101
Architecte urbaniste,F1101
Chargé d'études de coûts Ingénierie,F1106
Chargé d'études Générales Ingénierie,F1106
Chargé d'études Ingénierie Ouvrages d'Art,F1106
Chargé études gestion,F1106
Chargé études Sûreté,F1106
Chargé études techniques matériel et traction,F1106
Chef de projet,F1106
Chef de projet,F1106
Chef de projet Patrimoine,F1106
Concepteur développeur,F1106
Assistant Travaux,F1201
Conducteur de travaux patrimoine,F1201
Dirigeant d'Unité Voie ouvrage d'art,F1201
Surveillant de travaux bâtiment,F1201
Responsable de lot travaux,F1202
Délégué local Sûreté,F1204
Spécialiste des équipements techniques bâtiment,F1204
"Assistant DPX vente, service gare et clientèle",G1303
Chargé d'Assistance Utilisateurs,H1101
Responsable d'affaires,H1102
Chargé d'études Ingénierie Energie Mesures Laboratoire,H1206
Responsable de pôle sécurité,H1302
Opérateur en Environnement de Travail,H1303
Préventeur local,H1303
Préventeur territorial,H1303
Animateur qualité qualiticien,H1502
Consultant qualité,H1502
Assistant sécurité production,H2502
Dirigeant(e) d'entité Ingénierie,H2502
Responsable du Groupe d'Appui Production,H2502
Directeur d'Etablissement Infra Maintenance,I1101
Dirigeant d'activité Ingénierie,I1101
Dirigeant d'Agence Bâtiment Energie,I1101
Dirigeant d'unité patrimoine,I1101
Dirigeant de pôle production Infra Maintenance,I1101
Dirigeant de pôle qualité sécurité Infra Maintenance,I1101
Dirigeant de proximité Patrimoine,I1101
Coordinateur en pôle Infra Maintenance,I1102
Opérateur de production bâtiments,I1203
Technicien de production bâtiments,I1203
Technicien opérationnel bâtiments,I1203
Agent technique d'unité voie SEG Télécoms,I1307
Opérateur / Technicien production Télécoms,I1307
Technicien opérationnel télécoms,I1307
Surveillant énergie électrique,I1309
Technicien opérationnel énergie électrique,I1309
Manager d'entité,K1403
Responsable Utilisation du Personnel en établissement,K1403
Délégué aux Affaires Publiques,K1404
Appui aux projets,K1802
Chargé de l'aménagement des gares,K1802
Juriste expert,K1903
Juriste généraliste,K1903
Conseiller en formation,K2101
Agent de nettoyage Services Généraux,K2204
Assistant sécurité en pôle,K2503
Acheteur,M1101
Acheteur expert,M1101
Acheteur projet,M1101
Responsable achat site,M1102
Contrôleur interne,M1202
Comptable,M1203
Contrôleur de gestion,M1204
Dirigeant gestion finances,M1205
Gestionnaire de site Services Généraux,M1205
Responsable de pôle des Services Généraux,M1205
Dirigeant comptable,M1206
Responsable équipe comptable,M1206
Consultant interne en management et accompagnement du changement,M1402
Chargé d'études marketing marchés et développement,M1403
Chargé veille stratégique et prospective Voy,M1403
Chargé études RH,M1502
Conseiller carrière,M1502
Conseiller Mobilité,M1502
Coordinateur Formation,M1502
Gestionnaire de documentation Services Généraux,M1502
Gestionnaire de l'emploi,M1502
Resp Centre Pilotage Formation,M1502
Responsable de pôle gestion,M1502
Responsable Développement des Compétences et Formation,M1502
Chargé Relations Sociales,M1503
Contrôleur de gestion RH,M1503
Dirigeant Centre Services RH,M1503
Dirigeant d'activité RH,M1503
Gestionnaire utilisation RH,M1503
Responsable du pole Ressources Humaines,M1503
Assistant de gestion,M1605
Assistant en gestion de site,M1605
Secrétaire assistant,M1607
Chargé de Relation Client,M1704
Responsable de service clientèle,M1704
Service Manager,M1704
Consultant Sécurité SI,M1802
Chargé d'études Ingénierie Télécommunications,M1804
Dirigeant Agence Services Télécoms Informatique,M1804
Dirigeant de Proximité télécoms,M1804
Responsable d'applications,M1805
Assistant au maitre d'ouvrage,M1806
Responsable MOA,M1806
Chef de projet Voyageurs,N4202
Directeur d'établissement Voyageurs,N4202
Dirigeant d'activité voyageurs,N4202
Dirigeant d'unité opérationnelle Voyageurs,N4202
ER non répertorié Voyageurs,N4202
Chargé de tarification distribution billétique,N4302
Agent d'escale et de service en gare,N4401
Agent de service et d'Information Voyageurs,N4401
Chef d'escale,N4401
Dirigeant de proximité produit train en gare,N4401
"DPX ventes, services en gare, à la clientèle",N4401
ER non répertorié Transverses,